<?xml version="1.0" encoding="UTF-8" standalone="yes"?>
<ventasarticulos>
    <articulo>
        <codigo>ART-112</codigo>
        <denominacion>Pala Padel NOX</denominacion>
        <stock>25</stock>
        <precio>75</precio>
    </articulo>
    <ventas>
        <venta>
            <numventa>1</numventa>
            <unidades>2</unidades>
            <nombrecliente>Alicia Ramos</nombrecliente>
            <fecha>10-10-2015</fecha>
        </venta>
        <venta>
            <numventa>2</numventa>
            <unidades>2</unidades>
            <nombrecliente>Pedro García</nombrecliente>
            <fecha>15-10-2015</fecha>
        </venta>
        <venta>
            <numventa>3</numventa>
            <unidades>6</unidades>
            <nombrecliente>Alberto Gil</nombrecliente>
            <fecha>20-10-2015</fecha>
        </venta>
    </ventas>
</ventasarticulos>
